CarNumber,SURNAME
Y163O8161RUS,HERNANDEZ
E432XX77RUS,HILL
7184TT36RUS,RIVERA
X582HE161RUS,RAMIREZ
92918M178RUS,YOUNG
H234YH197RUS,BROWN
E40577152RUS,COX
707987163RUS,GRAY
K330T8197RUS,ROBERTS
X786CO96RUS,CASTILLO
C477M7161RUS,FOSTER
O21997197RUS,STEWART
M592CH197RUS,BROWN
9020YC197RUS,ORTIZ
8182XX154RUS,TORRES
7830C8197RUS,PHILLIPS
7066C8197RUS,WOOD
M298CH161RUS,ANDERSON
E445TC197RUS,JOHNSON
8440XX154RUS,COOPER
9371CE154RUS,PHILLIPS
9182CE154RUS,SANCHEZ
83298C154RUS,GONZALEZ
Y7659C197RUS,WRIGHT
C922YE197RUS,WATSON
7364C8197RUS,TAYLOR
M5039X197RUS,BROWN
8603T8154RUS,RIVERA
92928M178RUS,JACKSON
O672E8197RUS,LONG
E42277152RUS,ALVAREZ
C903MC161RUS,PARKER
T7318T163RUS,HUGHES
Y7719C197RUS,TAYLOR
T011MY163RUS,EDWARDS
H115YO163RUS,HOWARD
73467Y96RUS,ROSS
O134HE197RUS,YOUNG
H968HY161RUS,CARTER
Y654E8750RUS,DIAZ
H963HY161RUS,ADAMS
H232YH197RUS,CAMPBELL
7843C8197RUS,WALKER
X791O796RUS,RUIZ
H958HY161RUS,HILL
708587163RUS,ALVAREZ
Y973O8197RUS,HALL
97977H178RUS,EDWARDS
H917TC36RUS,HOWARD
Y7709C197RUS,MILLER
8513XX154RUS,ANDERSON
T870X7163RUS,THOMPSON
8818C877RUS,SANCHEZ
T395OT197RUS,ROBINSON
K327T8197RUS,JONES
8311XX154RUS,RAMIREZ
X423MK197RUS,MITCHELL
96429X178RUS,JIMENEZ
O275O7161RUS,HERNANDEZ
7789KT197RUS,YOUNG
E28877161RUS,JOHNSON
T6068M116RUS,NELSON
9498KX178RUS,EVANS
99209X178RUS,COOK
T6449O50RUS,HOWARD
9683EC178RUS,GREEN
Y353O8197RUS,WILSON
O719MM163RUS,GRAY
E535MM199RUS,JIMENEZ
Y352O8197RUS,CRUZ
7788KT197RUS,HALL
E807HE77RUS,RAMOS
M516CH161RUS,BAILEY
89587X197RUS,ADAMS
7781KT197RUS,NGUYEN
E645TH36RUS,ROGERS
Y302E877RUS,EDWARDS
M058XE36RUS,BROOKS
8166XX154RUS,CAMPBELL
M589CH197RUS,HILL
9408H7178RUS,JOHNSON
H387TM197RUS,RODRIGUEZ
8049HT125RUS,MILLER
9698MO178RUS,PETERSON
8685HE154RUS,RODRIGUEZ
7177TT36RUS,WARD
O77997197RUS,TAYLOR
Y234E877RUS,LOPEZ
97987H178RUS,RAMIREZ
X257HE161RUS,MURPHY
T399KX197RUS,JAMES
H957HY161RUS,ADAMS
K379HY161RUS,MYERS
T654HT96RUS,NELSON
8439XX154RUS,YOUNG
Y965EE197RUS,SANCHEZ
X758HY197RUS,GARCIA
M0279X197RUS,HERNANDEZ
H224X836RUS,ALVAREZ
E6849O154RUS,LEE
O83797197RUS,RICHARDSON
9402KK197RUS,WHITE
7368C8197RUS,BROWN
H427YH197RUS,ROGERS
9583EY178RUS,SMITH
Y038E877RUS,THOMPSON
9822H8161RUS,HALL
7826C8197RUS,JIMENEZ
E160YX77RUS,CARTER
82337X197RUS,MITCHELL
X757HY197RUS,COOPER
X765HY197RUS,NELSON
934497178RUS,YOUNG
K2807K154RUS,COOK
T8008Y125RUS,HERNANDEZ
Y960EE197RUS,CLARK
7840C8197RUS,HUGHES
K846YE77RUS,MYERS
7827C8197RUS,THOMAS
Y655E8750RUS,COX
H003MH197RUS,GREEN
Y7699C197RUS,ANDERSON
Y8399C197RUS,PRICE
9135X938RUS,BROOKS
H385TM197RUS,ANDERSON
9428EX178RUS,ROBERTS
H837YK197RUS,NELSON
O83597197RUS,KIM
E42577152RUS,RUIZ
E53277152RUS,REYES
C476M7161RUS,PHILLIPS
9943KK197RUS,MITCHELL
8165XX154RUS,CAMPBELL
T476KX197RUS,EVANS
C422X938RUS,MITCHELL
K328T8197RUS,BAKER
9466EX178RUS,MORRIS
X256HE161RUS,WOOD
Y275O8197RUS,GARCIA
H217X836RUS,PETERSON
Y316E877RUS,CAMPBELL
8601XX154RUS,RAMOS
M741T9152RUS,RAMIREZ
9883HX152RUS,BAKER
Y6829Y50RUS,LEWIS
H004MH197RUS,MENDOZA
704987163RUS,MORRIS
E316EH197RUS,MENDOZA
O22297197RUS,MARTINEZ
O02597197RUS,WHITE
X015HY197RUS,MORGAN
T769OT197RUS,TURNER
Y778EE197RUS,RAMIREZ
7829C8197RUS,ORTIZ
T272HH163RUS,REED
T018OX197RUS,HERNANDEZ
Y255E877RUS,ROSS
9697MO178RUS,ROGERS
T686EO197RUS,CARTER
C590EY154RUS,PARKER
T941CC96RUS,WATSON
O22397197RUS,DIAZ
X242EC197RUS,SCOTT
T020OX197RUS,RAMOS
E33577152RUS,CASTILLO
E773EH197RUS,RICHARDSON
T6428M116RUS,LOPEZ
Y7129Y50RUS,JAMES
Y418EX197RUS,BROOKS
Y7689C197RUS,GUTIERREZ
E52877152RUS,JAMES
7369C8197RUS,CLARK
Y166O8161RUS,HARRIS
705287163RUS,PRICE
K559KC161RUS,JIMENEZ
M0299X197RUS,PEREZ
84418C154RUS,RODRIGUEZ
E53488152RUS,GARCIA
90159H178RUS,SMITH
C798ET50RUS,WILSON
Y193O8161RUS,HALL
7248C8197RUS,COOK
K357YE77RUS,RIVERA
E0697X152RUS,ORTIZ
E40877152RUS,CRUZ
Y351O8197RUS,WHITE
Y356O8197RUS,THOMPSON
O6939X163RUS,ROSS
Y7649C197RUS,EVANS
9935TE152RUS,ROGERS
704687163RUS,MYERS
7197TT36RUS,ORTIZ
O143HO197RUS,JOHNSON
K436MO152RUS,BROWN
9938OH154RUS,WRIGHT
E34877152RUS,MITCHELL
E5878M777RUS,BROWN
7844C8197RUS,BROOKS
C584EY154RUS,KELLY
E28977161RUS,SANDERS
T016OX197RUS,COX
H889YK197RUS,ALLEN
7363C8197RUS,FLORES
T6039O50RUS,ALLEN
7365C8197RUS,LONG
Y967O8197RUS,SANDERS
E816HE77RUS,JIMENEZ
T6329O50RUS,MURPHY
X504X8197RUS,REED
M581CH197RUS,JOHNSON
X523OM161RUS,SANCHEZ
C412X938RUS,ROBINSON
7831C8197RUS,RODRIGUEZ
8164XX154RUS,JIMENEZ
T6419O50RUS,CHAVEZ
E822TH36RUS,REED
8437XX154RUS,ANDERSON
C515X938RUS,BROWN
7172TT36RUS,RAMOS
8436XX154RUS,WARD
E79988152RUS,YOUNG
8180XX154RUS,COOPER
84438C154RUS,PETERSON
T6309O50RUS,NGUYEN
T6129O50RUS,ROGERS
K339T8197RUS,LONG
X782CO96RUS,JONES
E591HE77RUS,ORTIZ
9499KX178RUS,LONG
Y357O8197RUS,EDWARDS
Y652O8197RUS,SANDERS
X767HY197RUS,DIAZ
H220X836RUS,MORALES
H218X836RUS,GREEN
T913CT197RUS,CRUZ
T6439O50RUS,LOPEZ
7784KT197RUS,WILLIAMS
X286TC36RUS,JAMES
O752MX161RUS,GOMEZ
Y7449Y50RUS,MORRIS
92828M178RUS,MITCHELL
Y650E8750RUS,STEWART
8321XX154RUS,SANCHEZ
8316XX154RUS,WATSON
T017OX197RUS,MITCHELL
H977HY161RUS,PATEL
X522OM161RUS,MARTIN
O085E8197RUS,HUGHES
705387163RUS,HOWARD
O017KO197RUS,PEREZ
X4138H125RUS,BENNETT
8441XX154RUS,JIMENEZ
M0269X197RUS,CRUZ
T483CT96RUS,WHITE
T940CC96RUS,MENDOZA
C58078163RUS,THOMAS
O02397197RUS,REED
8611T8154RUS,MORGAN
704787163RUS,HARRIS
C313MM99RUS,CAMPBELL
X763HY197RUS,COOPER
M386M9197RUS,BAILEY
8605T8154RUS,REED
7147OE161RUS,WARD
7361C8197RUS,MORRIS
Y359EY197RUS,ROGERS
T6559O50RUS,FOSTER
9469EX178RUS,JIMENEZ
Y6839Y50RUS,HALL
H237YH197RUS,PEREZ
T948OM96RUS,GUTIERREZ
T395KX197RUS,WILSON
M301CH161RUS,PETERSON
9496KX178RUS,THOMAS
T6319O50RUS,HOWARD
H305T8197RUS,PEREZ
8201XX154RUS,MORGAN
O64297197RUS,MORRIS
9523M8178RUS,MOORE
Y273O8197RUS,ALLEN
T6229O50RUS,BROWN
X023HY197RUS,RAMOS
8226XX154RUS,GREEN
Y038TO197RUS,PETERSON
M0289X197RUS,REED
E811HE77RUS,CRUZ
X795O796RUS,KING
O39997197RUS,MARTIN
97968K152RUS,GUTIERREZ
H219X836RUS,CRUZ
T6169O50RUS,COOK
94178K154RUS,HUGHES
9467EX178RUS,COX
O78097197RUS,STEWART
X5707X161RUS,PEREZ
Y232E877RUS,NELSON
Y388E877RUS,FOSTER
X255HE161RUS,BROWN
E552MO152RUS,HALL
97998K152RUS,BAILEY
Y963O8197RUS,DAVIS
T477KX197RUS,KELLY
T2639T116RUS,WOOD
O49797197RUS,RICHARDSON
O68897197RUS,BROOKS
72457Y96RUS,HALL
7064C8197RUS,ROBINSON
E948C8152RUS,HARRIS
C514X938RUS,ALLEN
C589EY154RUS,LEWIS
K899T8197RUS,RAMIREZ
T6418M116RUS,GARCIA
8607XX154RUS,CASTILLO
92778M178RUS,MYERS
T288CT96RUS,MILLER
9886HX152RUS,GOMEZ
C583EY154RUS,WILSON
C592EY154RUS,MOORE
T6459O50RUS,CASTILLO
X759HY197RUS,BROWN
705787163RUS,HOWARD
92898M178RUS,COOPER
9671EC178RUS,HERNANDEZ
M302CH161RUS,CLARK
M578CH197RUS,BENNETT
Y207O8161RUS,PARKER
96659X178RUS,MORGAN
T912CT197RUS,TAYLOR
7183TT36RUS,GREEN
89557X197RUS,COLLINS
Y359O8197RUS,HILL
K2817K154RUS,ANDERSON
Y964O8197RUS,MURPHY
H967HY161RUS,JACKSON
E394MO152RUS,MORALES
O50699163RUS,ALVAREZ
9463EX178RUS,EDWARDS
E53677152RUS,DIAZ
K338T8197RUS,MARTINEZ
Y4298M777RUS,GREEN
Y687HM197RUS,ADAMS
98037H178RUS,MARTIN
7828C8197RUS,HERNANDEZ
H980HY161RUS,SCOTT
H906YK197RUS,JAMES
7199MT197RUS,RAMIREZ
X908XC197RUS,NELSON
T171CC96RUS,JOHNSON
X4108H125RUS,MORALES
Y966O8197RUS,MURPHY
K2797K154RUS,HILL
7089H8163RUS,ROBERTS
7841C8197RUS,RIVERA
9940KK197RUS,GUTIERREZ
H971HY161RUS,MENDOZA
H844YH197RUS,CHAVEZ
E33477152RUS,ANDERSON
Y156E877RUS,SMITH
E396MO152RUS,MILLER
Y969O8197RUS,WILLIAMS
9028CO161RUS,MARTINEZ
T6249O50RUS,RODRIGUEZ
E42377152RUS,COOK
9941KK197RUS,THOMAS
M372CH197RUS,DIAZ
K040CC197RUS,BENNETT
E41577152RUS,NGUYEN
9763HY161RUS,MORALES
T535ET96RUS,WHITE
H961HY161RUS,GOMEZ
M2169X197RUS,KELLY
8234XX154RUS,BROWN
O83697197RUS,COLLINS
E52677152RUS,EVANS
8451M7154RUS,WALKER
9589EY178RUS,MITCHELL
H907YK197RUS,COOPER
O39897197RUS,COOPER
M3879X197RUS,TAYLOR
C299K9154RUS,MOORE
9468EX178RUS,CARTER
M375CH197RUS,SANDERS
H982HY161RUS,THOMPSON
8224XX154RUS,GONZALEZ
Y653E8750RUS,PRICE
K558KC161RUS,WRIGHT
O058M7161RUS,HOWARD
M256OH161RUS,REYES
T242H8197RUS,BROOKS
K27188138RUS,JOHNSON
96629X178RUS,EDWARDS
9881HX152RUS,EDWARDS
T479KX197RUS,LEWIS
M680T9152RUS,MYERS
C410X938RUS,HALL
X762HY197RUS,ROBINSON
9470EX178RUS,KIM
X4128H125RUS,RIVERA
9762HY161RUS,CASTILLO
H419XE197RUS,FOSTER
98017H178RUS,RUIZ
Y780EE197RUS,SCOTT
M580CH197RUS,ALLEN
9943OH154RUS,BAILEY
Y354O8197RUS,ALLEN
7065C8197RUS,JOHNSON
E28777161RUS,REYES
M701T9152RUS,EVANS
E577HE77RUS,BAKER
92788M178RUS,HOWARD
9072EM178RUS,SANDERS
9409H7178RUS,CASTILLO
C3829X154RUS,WHITE
T478KX197RUS,BROOKS
T119CT96RUS,LONG
708487163RUS,PATEL
H983HY161RUS,GREEN
7842C8197RUS,JACKSON
O64097197RUS,THOMAS
Y693HM197RUS,MENDOZA
96857X197RUS,JOHNSON
T394KX197RUS,ALLEN
O49897197RUS,WRIGHT
H963X936RUS,COX
T341CC96RUS,KIM
9942KK197RUS,DIAZ
9141H8178RUS,RIVERA
7370C8197RUS,TORRES
9890HX152RUS,HUGHES
M268CH197RUS,NELSON
C419X938RUS,JONES
M0319X197RUS,MORALES
M577CH197RUS,SMITH
H975HY161RUS,RIVERA
X018HY197RUS,WATSON
E33177152RUS,HARRIS
9491H7178RUS,ALVAREZ
M374CH197RUS,ANDERSON
96679X178RUS,COLLINS
9594HY161RUS,MARTINEZ
83218C154RUS,NELSON
9764HY161RUS,CLARK
708187163RUS,HERNANDEZ
H908YK197RUS,CRUZ
Y656E8750RUS,BROWN
9679EC178RUS,COLLINS
C803KE163RUS,WHITE
Y7379Y50RUS,SCOTT
X320MK197RUS,BROWN
96907X197RUS,RAMIREZ
H235YH197RUS,RAMOS
9474EX178RUS,GREEN
Y8259C197RUS,DAVIS
E29577161RUS,REED
X761HY197RUS,MARTIN
T396KX197RUS,GUTIERREZ
C593EY154RUS,MENDOZA
Y164O8161RUS,HARRIS
M942OT152RUS,MARTINEZ
Y7429Y50RUS,KELLY
H976HY161RUS,ALLEN
Y195O8161RUS,WALKER
O669E8197RUS,GRAY
Y187O8161RUS,YOUNG
K329T8197RUS,GARCIA
9677MO178RUS,MILLER
9939KK197RUS,WILLIAMS
M373CH197RUS,SANCHEZ
7164YM36RUS,COLLINS
O753MX161RUS,PHILLIPS
T6488M116RUS,REYES
98047H178RUS,HALL
9488EY178RUS,FLORES
O481OH77RUS,CASTILLO
K326T8197RUS,THOMPSON
X796TH96RUS,MARTIN
Y358O8197RUS,NGUYEN
C420X938RUS,MITCHELL
Y965O8197RUS,RAMOS
Y274O8197RUS,ROBERTS
E223YM197RUS,KIM
Y964EE197RUS,ORTIZ
T6049O50RUS,KING
H259HY161RUS,ROGERS
Y344E877RUS,HILL
K889HY161RUS,COOK
H214X836RUS,CLARK
O421OT161RUS,WRIGHT
7360C8197RUS,JOHNSON
Y194O8161RUS,ANDERSON
T6359O50RUS,SCOTT
E29677161RUS,MURPHY
T020MM116RUS,ROGERS
9502XX38RUS,MARTINEZ
8521XX154RUS,PATEL
K376HE161RUS,BENNETT
7193TT36RUS,JAMES
O785T9163RUS,MORGAN
H618YC38RUS,MARTINEZ
9068EM178RUS,MORALES
7783KT197RUS,RIVERA
Y305E877RUS,CARTER
E881OT197RUS,CHAVEZ
O718MM163RUS,GONZALEZ
9975CC77RUS,COOPER
T195OK161RUS,ROSS
T914CT197RUS,ORTIZ
E41977152RUS,ALLEN
9464EX178RUS,WILLIAMS
O50197197RUS,MORRIS
7608EE777RUS,EVANS
666RUS,MASK
777RUS,JOBS
888RUS,TORVALDS
